trade_id,symbol,date,timestamp,price,gain_pct
CRDO-20260923T13302605575,CRDO,2026-09-23,2026-09-23T09:30:45.259114-04:00,193.35,-0.0775
CRDO-20260923T13302605575,CRDO,2026-09-23,2026-09-23T09:30:49.824208-04:00,193.53,0.0155
CSCO-20260923T13322315067,CSCO,2026-09-23,2026-09-23T09:32:42.326657-04:00,106.69,0.0657
CSCO-20260923T13322315067,CSCO,2026-09-23,2026-09-23T09:32:45.536961-04:00,106.58,-0.0375
CSCO-20260923T13322315067,CSCO,2026-09-23,2026-09-23T09:32:48.803858-04:00,106.59,-0.0281
CSCO-20260923T13322315067,CSCO,2026-09-23,2026-09-23T09:32:52.004701-04:00,106.64,0.0188
CSCO-20260923T13322315067,CSCO,2026-09-23,2026-09-23T09:32:55.196215-04:00,106.68,0.0563
CSCO-20260923T13322315067,CSCO,2026-09-23,2026-09-23T09:32:58.443036-04:00,106.64,0.0188
CSCO-20260923T13322315067,CSCO,2026-09-23,2026-09-23T09:33:01.635836-04:00,106.6527,0.0307
CSCO-20260923T13322315067,CSCO,2026-09-23,2026-09-23T09:33:05.063936-04:00,106.6444,-0.0044
NXPI-20260923T13324564876,NXPI,2026-09-23,2026-09-23T09:33:05.063936-04:00,235.755,-0.315
CSCO-20260923T13322315067,CSCO,2026-09-23,2026-09-23T09:33:08.541156-04:00,106.63,-0.0179
NXPI-20260923T13324564876,NXPI,2026-09-23,2026-09-23T09:33:08.541156-04:00,235.4199,-0.4567
CSCO-20260923T13322315067,CSCO,2026-09-23,2026-09-23T09:33:12.011594-04:00,106.682,0.0309
NXPI-20260923T13324564876,NXPI,2026-09-23,2026-09-23T09:33:12.011594-04:00,235.755,-0.315
CSCO-20260923T13322315067,CSCO,2026-09-23,2026-09-23T09:33:15.451715-04:00,106.61,-0.0367
NXPI-20260923T13324564876,NXPI,2026-09-23,2026-09-23T09:33:15.451715-04:00,235.755,-0.315
CSCO-20260923T13322315067,CSCO,2026-09-23,2026-09-23T09:33:18.880995-04:00,106.6444,-0.0166
NXPI-20260923T13324564876,NXPI,2026-09-23,2026-09-23T09:33:18.880995-04:00,235.99,-0.2156
CSCO-20260923T13322315067,CSCO,2026-09-23,2026-09-23T09:33:22.226933-04:00,106.62,-0.0395
NXPI-20260923T13324564876,NXPI,2026-09-23,2026-09-23T09:33:22.226933-04:00,235.7,-0.3383
CSCO-20260923T13322315067,CSCO,2026-09-23,2026-09-23T09:33:25.517288-04:00,106.67,0.0074
NXPI-20260923T13324564876,NXPI,2026-09-23,2026-09-23T09:33:25.517288-04:00,235.7,-0.3383
CSCO-20260923T13322315067,CSCO,2026-09-23,2026-09-23T09:33:28.965255-04:00,106.6,-0.0581
NXPI-20260923T13324564876,NXPI,2026-09-23,2026-09-23T09:33:28.965255-04:00,235.305,-0.5053
CSCO-20260923T13322315067,CSCO,2026-09-23,2026-09-23T09:33:32.462556-04:00,106.64,-0.0206
NXPI-20260923T13324564876,NXPI,2026-09-23,2026-09-23T09:33:32.462556-04:00,235.75,-0.3171
CSCO-20260923T13322315067,CSCO,2026-09-23,2026-09-23T09:33:35.903878-04:00,106.7078,0.0429
NXPI-20260923T13324564876,NXPI,2026-09-23,2026-09-23T09:33:35.903878-04:00,235.75,-0.3171
ZS-20260923T13332590344,ZS,2026-09-23,2026-09-23T09:33:35.903878-04:00,211.12,-0.3446
AXTI-20260923T13332596422,AXTI,2026-09-23,2026-09-23T09:33:35.903878-04:00,76.87,-0.1656
CSCO-20260923T13322315067,CSCO,2026-09-23,2026-09-23T09:33:39.329307-04:00,106.6783,0.0153
NXPI-20260923T13324564876,NXPI,2026-09-23,2026-09-23T09:33:39.329307-04:00,235.75,-0.3171
CRWD-20260923T13330901088,CRWD,2026-09-23,2026-09-23T09:33:39.329307-04:00,252.256,-0.0676
ZS-20260923T13332590344,ZS,2026-09-23,2026-09-23T09:33:39.329307-04:00,211.12,-0.3446
AXTI-20260923T13332596422,AXTI,2026-09-23,2026-09-23T09:33:39.329307-04:00,76.8,-0.2592
QCOM-20260923T13333290301,QCOM,2026-09-23,2026-09-23T09:33:39.329307-04:00,197.0712,-0.1571
CSCO-20260923T13322315067,CSCO,2026-09-23,2026-09-23T09:33:42.892147-04:00,106.7051,0.0404
NXPI-20260923T13324564876,NXPI,2026-09-23,2026-09-23T09:33:42.892147-04:00,235.01,-0.63
ZS-20260923T13332590344,ZS,2026-09-23,2026-09-23T09:33:42.892147-04:00,211.6,-0.118
AXTI-20260923T13332596422,AXTI,2026-09-23,2026-09-23T09:33:42.892147-04:00,76.8,-0.2592
QCOM-20260923T13333290301,QCOM,2026-09-23,2026-09-23T09:33:42.892147-04:00,197.4368,0.0281
CSCO-20260923T13322315067,CSCO,2026-09-23,2026-09-23T09:33:46.377415-04:00,106.705,0.0403
NXPI-20260923T13324564876,NXPI,2026-09-23,2026-09-23T09:33:46.377415-04:00,236.32,-0.0761
AXTI-20260923T13332596422,AXTI,2026-09-23,2026-09-23T09:33:46.377415-04:00,76.7417,-0.3349
QCOM-20260923T13333290301,QCOM,2026-09-23,2026-09-23T09:33:46.377415-04:00,197.6232,0.1226
CSCO-20260923T13322315067,CSCO,2026-09-23,2026-09-23T09:33:49.793379-04:00,106.675,0.0122
NXPI-20260923T13324564876,NXPI,2026-09-23,2026-09-23T09:33:49.793379-04:00,235.76,-0.3129
AXTI-20260923T13332596422,AXTI,2026-09-23,2026-09-23T09:33:49.793379-04:00,76.7706,-0.2973
QCOM-20260923T13333290301,QCOM,2026-09-23,2026-09-23T09:33:49.793379-04:00,197.4661,0.043
CSCO-20260923T13322315067,CSCO,2026-09-23,2026-09-23T09:33:53.197724-04:00,106.6902,0.0264
NXPI-20260923T13324564876,NXPI,2026-09-23,2026-09-23T09:33:53.197724-04:00,235.765,-0.3108
AXTI-20260923T13332596422,AXTI,2026-09-23,2026-09-23T09:33:53.197724-04:00,76.91,-0.1163
QCOM-20260923T13333290301,QCOM,2026-09-23,2026-09-23T09:33:53.197724-04:00,197.39,0.0044
GFS-20260923T13334679272,GFS,2026-09-23,2026-09-23T09:33:53.197724-04:00,47.3331,-0.4352
CSCO-20260923T13322315067,CSCO,2026-09-23,2026-09-23T09:33:56.500819-04:00,106.645,-0.0159
NXPI-20260923T13324564876,NXPI,2026-09-23,2026-09-23T09:33:56.500819-04:00,235.765,-0.3108
AXTI-20260923T13332596422,AXTI,2026-09-23,2026-09-23T09:33:56.500819-04:00,77.4356,0.5663
QCOM-20260923T13333290301,QCOM,2026-09-23,2026-09-23T09:33:56.500819-04:00,197.07,-0.1577
SEI-20260923T13333988845,SEI,2026-09-23,2026-09-23T09:33:56.500819-04:00,64.79,-0.0006
GFS-20260923T13334679272,GFS,2026-09-23,2026-09-23T09:33:56.500819-04:00,47.3,-0.5048
CSCO-20260923T13322315067,CSCO,2026-09-23,2026-09-23T09:33:59.844998-04:00,106.64,-0.0206
NXPI-20260923T13324564876,NXPI,2026-09-23,2026-09-23T09:33:59.844998-04:00,235.765,-0.3108
AXTI-20260923T13332596422,AXTI,2026-09-23,2026-09-23T09:33:59.844998-04:00,76.885,-0.1488
QCOM-20260923T13333290301,QCOM,2026-09-23,2026-09-23T09:33:59.844998-04:00,197.2875,-0.0475
GFS-20260923T13334679272,GFS,2026-09-23,2026-09-23T09:33:59.844998-04:00,47.3,-0.5048
CSCO-20260923T13322315067,CSCO,2026-09-23,2026-09-23T09:34:03.144455-04:00,106.6729,0.0102
NXPI-20260923T13324564876,NXPI,2026-09-23,2026-09-23T09:34:03.144455-04:00,235.7575,-0.314
AXTI-20260923T13332596422,AXTI,2026-09-23,2026-09-23T09:34:03.144455-04:00,77.06,0.0785
QCOM-20260923T13333290301,QCOM,2026-09-23,2026-09-23T09:34:03.144455-04:00,197.18,-0.102
GFS-20260923T13334679272,GFS,2026-09-23,2026-09-23T09:34:03.144455-04:00,47.32,-0.4628
CSCO-20260923T13322315067,CSCO,2026-09-23,2026-09-23T09:34:06.454445-04:00,106.735,0.0684
NXPI-20260923T13324564876,NXPI,2026-09-23,2026-09-23T09:34:06.454445-04:00,235.03,-0.6216
AXTI-20260923T13332596422,AXTI,2026-09-23,2026-09-23T09:34:06.454445-04:00,76.98,-0.0254
QCOM-20260923T13333290301,QCOM,2026-09-23,2026-09-23T09:34:06.454445-04:00,196.936,-0.2256
GFS-20260923T13334679272,GFS,2026-09-23,2026-09-23T09:34:06.454445-04:00,47.41,-0.2735
CSCO-20260923T13322315067,CSCO,2026-09-23,2026-09-23T09:34:09.763764-04:00,106.71,0.045
NXPI-20260923T13324564876,NXPI,2026-09-23,2026-09-23T09:34:09.763764-04:00,236.4028,-0.0411
AXTI-20260923T13332596422,AXTI,2026-09-23,2026-09-23T09:34:09.763764-04:00,77.0307,0.0405
QCOM-20260923T13333290301,QCOM,2026-09-23,2026-09-23T09:34:09.763764-04:00,196.923,-0.2322
GFS-20260923T13334679272,GFS,2026-09-23,2026-09-23T09:34:09.763764-04:00,47.41,-0.2735
CSCO-20260923T13322315067,CSCO,2026-09-23,2026-09-23T09:34:13.134357-04:00,106.725,0.0591
NXPI-20260923T13324564876,NXPI,2026-09-23,2026-09-23T09:34:13.134357-04:00,235.765,-0.3108
AXTI-20260923T13332596422,AXTI,2026-09-23,2026-09-23T09:34:13.134357-04:00,77.13,0.1694
QCOM-20260923T13333290301,QCOM,2026-09-23,2026-09-23T09:34:13.134357-04:00,196.78,-0.3046
GFS-20260923T13334679272,GFS,2026-09-23,2026-09-23T09:34:13.134357-04:00,47.41,-0.2735
CSCO-20260923T13322315067,CSCO,2026-09-23,2026-09-23T09:34:16.551337-04:00,106.73,0.0638
NXPI-20260923T13324564876,NXPI,2026-09-23,2026-09-23T09:34:16.551337-04:00,235.75,-0.3171
AXTI-20260923T13332596422,AXTI,2026-09-23,2026-09-23T09:34:16.551337-04:00,77.3,0.3902
QCOM-20260923T13333290301,QCOM,2026-09-23,2026-09-23T09:34:16.551337-04:00,196.78,-0.3046
GFS-20260923T13334679272,GFS,2026-09-23,2026-09-23T09:34:16.551337-04:00,47.42,-0.2524
CSCO-20260923T13322315067,CSCO,2026-09-23,2026-09-23T09:34:19.755305-04:00,106.7,0.0356
NXPI-20260923T13324564876,NXPI,2026-09-23,2026-09-23T09:34:19.755305-04:00,235.03,-0.6216
AXTI-20260923T13332596422,AXTI,2026-09-23,2026-09-23T09:34:19.755305-04:00,77.3,0.3902
QCOM-20260923T13333290301,QCOM,2026-09-23,2026-09-23T09:34:19.755305-04:00,196.96,-0.2134
GFS-20260923T13334679272,GFS,2026-09-23,2026-09-23T09:34:19.755305-04:00,47.33,-0.4417
CSCO-20260923T13322315067,CSCO,2026-09-23,2026-09-23T09:34:22.960690-04:00,106.7158,0.0504
NXPI-20260923T13324564876,NXPI,2026-09-23,2026-09-23T09:34:22.960690-04:00,235.75,-0.3171
AXTI-20260923T13332596422,AXTI,2026-09-23,2026-09-23T09:34:22.960690-04:00,77.3,0.3902
QCOM-20260923T13333290301,QCOM,2026-09-23,2026-09-23T09:34:22.960690-04:00,197.1719,-0.1061
GFS-20260923T13334679272,GFS,2026-09-23,2026-09-23T09:34:22.960690-04:00,47.41,-0.2735
CSCO-20260923T13322315067,CSCO,2026-09-23,2026-09-23T09:34:26.153938-04:00,106.74,0.0731
NXPI-20260923T13324564876,NXPI,2026-09-23,2026-09-23T09:34:26.153938-04:00,235.75,-0.3171
AXTI-20260923T13332596422,AXTI,2026-09-23,2026-09-23T09:34:26.153938-04:00,77.25,0.3253
QCOM-20260923T13333290301,QCOM,2026-09-23,2026-09-23T09:34:26.153938-04:00,197.2,-0.0918
GFS-20260923T13334679272,GFS,2026-09-23,2026-09-23T09:34:26.153938-04:00,47.41,-0.2735
CSCO-20260923T13322315067,CSCO,2026-09-23,2026-09-23T09:34:29.684073-04:00,106.716,0.0506
NXPI-20260923T13324564876,NXPI,2026-09-23,2026-09-23T09:34:29.684073-04:00,235.4252,-0.4545
AXTI-20260923T13332596422,AXTI,2026-09-23,2026-09-23T09:34:29.684073-04:00,77.0,0.0006
QCOM-20260923T13333290301,QCOM,2026-09-23,2026-09-23T09:34:29.684073-04:00,197.27,-0.0564
GFS-20260923T13334679272,GFS,2026-09-23,2026-09-23T09:34:29.684073-04:00,47.425,-0.2419
CSCO-20260923T13322315067,CSCO,2026-09-23,2026-09-23T09:34:32.912794-04:00,106.725,0.0591
NXPI-20260923T13324564876,NXPI,2026-09-23,2026-09-23T09:34:32.912794-04:00,235.4252,-0.4545
AXTI-20260923T13332596422,AXTI,2026-09-23,2026-09-23T09:34:32.912794-04:00,76.6,-0.5189
QCOM-20260923T13333290301,QCOM,2026-09-23,2026-09-23T09:34:32.912794-04:00,197.2056,-0.089
GFS-20260923T13334679272,GFS,2026-09-23,2026-09-23T09:34:32.912794-04:00,47.425,-0.2419
CSCO-20260923T13322315067,CSCO,2026-09-23,2026-09-23T09:34:36.140068-04:00,106.715,0.0497
NXPI-20260923T13324564876,NXPI,2026-09-23,2026-09-23T09:34:36.140068-04:00,235.755,-0.315
AXTI-20260923T13332596422,AXTI,2026-09-23,2026-09-23T09:34:36.140068-04:00,76.785,-0.2786
QCOM-20260923T13333290301,QCOM,2026-09-23,2026-09-23T09:34:36.140068-04:00,197.28,-0.0513
GFS-20260923T13334679272,GFS,2026-09-23,2026-09-23T09:34:36.140068-04:00,47.425,-0.2419
CSCO-20260923T13322315067,CSCO,2026-09-23,2026-09-23T09:34:39.363824-04:00,106.7336,0.0671
NXPI-20260923T13324564876,NXPI,2026-09-23,2026-09-23T09:34:39.363824-04:00,235.02,-0.6258
AXTI-20260923T13332596422,AXTI,2026-09-23,2026-09-23T09:34:39.363824-04:00,76.252,-0.9708
QCOM-20260923T13333290301,QCOM,2026-09-23,2026-09-23T09:34:39.363824-04:00,196.96,-0.2134
GFS-20260923T13334679272,GFS,2026-09-23,2026-09-23T09:34:39.363824-04:00,47.3618,-0.3748
CTAS-20260923T13341012713,CTAS,2026-09-23,2026-09-23T09:34:39.363824-04:00,196.83,-0.626
CSCO-20260923T13322315067,CSCO,2026-09-23,2026-09-23T09:34:42.636168-04:00,106.72,0.0544
NXPI-20260923T13324564876,NXPI,2026-09-23,2026-09-23T09:34:42.636168-04:00,235.24,-0.5328
AXTI-20260923T13332596422,AXTI,2026-09-23,2026-09-23T09:34:42.636168-04:00,76.17,-1.0773
QCOM-20260923T13333290301,QCOM,2026-09-23,2026-09-23T09:34:42.636168-04:00,197.15,-0.1172
GFS-20260923T13334679272,GFS,2026-09-23,2026-09-23T09:34:42.636168-04:00,47.3618,-0.3748
CTAS-20260923T13341012713,CTAS,2026-09-23,2026-09-23T09:34:42.636168-04:00,196.83,-0.626
CSCO-20260923T13322315067,CSCO,2026-09-23,2026-09-23T09:34:45.876067-04:00,106.73,0.0638
NXPI-20260923T13324564876,NXPI,2026-09-23,2026-09-23T09:34:45.876067-04:00,235.76,-0.3129
AXTI-20260923T13332596422,AXTI,2026-09-23,2026-09-23T09:34:45.876067-04:00,76.131,-1.128
QCOM-20260923T13333290301,QCOM,2026-09-23,2026-09-23T09:34:45.876067-04:00,197.3,-0.0412
GFS-20260923T13334679272,GFS,2026-09-23,2026-09-23T09:34:45.876067-04:00,47.37,-0.3576
CTAS-20260923T13341012713,CTAS,2026-09-23,2026-09-23T09:34:45.876067-04:00,196.83,-0.626
CSCO-20260923T13322315067,CSCO,2026-09-23,2026-09-23T09:34:49.174870-04:00,106.73,0.0638
NXPI-20260923T13324564876,NXPI,2026-09-23,2026-09-23T09:34:49.174870-04:00,235.05,-0.6131
AXTI-20260923T13332596422,AXTI,2026-09-23,2026-09-23T09:34:49.174870-04:00,76.57,-0.5579
QCOM-20260923T13333290301,QCOM,2026-09-23,2026-09-23T09:34:49.174870-04:00,197.3,-0.0412
GFS-20260923T13334679272,GFS,2026-09-23,2026-09-23T09:34:49.174870-04:00,47.37,-0.3576
CTAS-20260923T13341012713,CTAS,2026-09-23,2026-09-23T09:34:49.174870-04:00,196.83,-0.626
CSCO-20260923T13322315067,CSCO,2026-09-23,2026-09-23T09:34:52.535892-04:00,106.745,0.0778
NXPI-20260923T13324564876,NXPI,2026-09-23,2026-09-23T09:34:52.535892-04:00,235.05,-0.6131
AXTI-20260923T13332596422,AXTI,2026-09-23,2026-09-23T09:34:52.535892-04:00,76.4,-0.7786
QCOM-20260923T13333290301,QCOM,2026-09-23,2026-09-23T09:34:52.535892-04:00,197.315,-0.0336
GFS-20260923T13334679272,GFS,2026-09-23,2026-09-23T09:34:52.535892-04:00,47.34,-0.4207
CTAS-20260923T13341012713,CTAS,2026-09-23,2026-09-23T09:34:52.535892-04:00,196.83,-0.626
CSCO-20260923T13322315067,CSCO,2026-09-23,2026-09-23T09:34:55.891809-04:00,106.8,0.1294
NXPI-20260923T13324564876,NXPI,2026-09-23,2026-09-23T09:34:55.891809-04:00,235.79,-0.3002
AXTI-20260923T13332596422,AXTI,2026-09-23,2026-09-23T09:34:55.891809-04:00,76.5435,-0.5923
QCOM-20260923T13333290301,QCOM,2026-09-23,2026-09-23T09:34:55.891809-04:00,197.0,-0.1932
GFS-20260923T13334679272,GFS,2026-09-23,2026-09-23T09:34:55.891809-04:00,47.34,-0.4207
CTAS-20260923T13341012713,CTAS,2026-09-23,2026-09-23T09:34:55.891809-04:00,196.83,-0.626
LRCX-20260923T13344953172,LRCX,2026-09-23,2026-09-23T09:34:55.891809-04:00,305.9566,-0.161
CSCO-20260923T13322315067,CSCO,2026-09-23,2026-09-23T09:34:59.331346-04:00,106.75,0.0825
NXPI-20260923T13324564876,NXPI,2026-09-23,2026-09-23T09:34:59.331346-04:00,235.79,-0.3002
AXTI-20260923T13332596422,AXTI,2026-09-23,2026-09-23T09:34:59.331346-04:00,76.41,-0.7656
QCOM-20260923T13333290301,QCOM,2026-09-23,2026-09-23T09:34:59.331346-04:00,196.92,-0.2337
GFS-20260923T13334679272,GFS,2026-09-23,2026-09-23T09:34:59.331346-04:00,47.31,-0.4838
CTAS-20260923T13341012713,CTAS,2026-09-23,2026-09-23T09:34:59.331346-04:00,196.83,-0.626
LRCX-20260923T13344953172,LRCX,2026-09-23,2026-09-23T09:34:59.331346-04:00,306.0129,-0.1426
CSCO-20260923T13322315067,CSCO,2026-09-23,2026-09-23T09:35:02.673522-04:00,106.4426,-0.2057
NXPI-20260923T13324564876,NXPI,2026-09-23,2026-09-23T09:35:02.673522-04:00,235.0601,-0.6088
AXTI-20260923T13332596422,AXTI,2026-09-23,2026-09-23T09:35:02.673522-04:00,76.3722,-0.8147
QCOM-20260923T13333290301,QCOM,2026-09-23,2026-09-23T09:35:02.673522-04:00,197.05,-0.1678
GFS-20260923T13334679272,GFS,2026-09-23,2026-09-23T09:35:02.673522-04:00,47.36,-0.3786
CTAS-20260923T13341012713,CTAS,2026-09-23,2026-09-23T09:35:02.673522-04:00,196.66,-0.7119
LRCX-20260923T13344953172,LRCX,2026-09-23,2026-09-23T09:35:02.673522-04:00,306.76,0.1012
CDNS-20260923T13345632356,CDNS,2026-09-23,2026-09-23T09:35:02.673522-04:00,309.4227,-0.0831
CSCO-20260923T13322315067,CSCO,2026-09-23,2026-09-23T09:35:06.941709-04:00,106.6987,0.0344
NXPI-20260923T13324564876,NXPI,2026-09-23,2026-09-23T09:35:06.941709-04:00,235.775,-0.3066
AXTI-20260923T13332596422,AXTI,2026-09-23,2026-09-23T09:35:06.941709-04:00,76.375,-0.8111
QCOM-20260923T13333290301,QCOM,2026-09-23,2026-09-23T09:35:06.941709-04:00,197.18,-0.102
GFS-20260923T13334679272,GFS,2026-09-23,2026-09-23T09:35:06.941709-04:00,47.47,-0.1472
CTAS-20260923T13341012713,CTAS,2026-09-23,2026-09-23T09:35:06.941709-04:00,196.66,-0.7119
LRCX-20260923T13344953172,LRCX,2026-09-23,2026-09-23T09:35:06.941709-04:00,306.89,0.1436
CDNS-20260923T13345632356,CDNS,2026-09-23,2026-09-23T09:35:06.941709-04:00,308.1204,-0.5036
CSCO-20260923T13322315067,CSCO,2026-09-23,2026-09-23T09:35:11.351665-04:00,106.645,-0.0159
NXPI-20260923T13324564876,NXPI,2026-09-23,2026-09-23T09:35:11.351665-04:00,235.775,-0.3066
QCOM-20260923T13333290301,QCOM,2026-09-23,2026-09-23T09:35:11.351665-04:00,197.17,-0.107
GFS-20260923T13334679272,GFS,2026-09-23,2026-09-23T09:35:11.351665-04:00,47.47,-0.1472
CTAS-20260923T13341012713,CTAS,2026-09-23,2026-09-23T09:35:11.351665-04:00,196.66,-0.7119
LRCX-20260923T13344953172,LRCX,2026-09-23,2026-09-23T09:35:11.351665-04:00,306.3957,-0.0177
CDNS-20260923T13345632356,CDNS,2026-09-23,2026-09-23T09:35:11.351665-04:00,309.67,-0.0032
CSCO-20260923T13322315067,CSCO,2026-09-23,2026-09-23T09:35:15.552606-04:00,106.68,0.0169
NXPI-20260923T13324564876,NXPI,2026-09-23,2026-09-23T09:35:15.552606-04:00,236.44,-0.0254
QCOM-20260923T13333290301,QCOM,2026-09-23,2026-09-23T09:35:15.552606-04:00,197.145,-0.1197
GFS-20260923T13334679272,GFS,2026-09-23,2026-09-23T09:35:15.552606-04:00,47.47,-0.1472
CTAS-20260923T13341012713,CTAS,2026-09-23,2026-09-23T09:35:15.552606-04:00,196.66,-0.7119
LRCX-20260923T13344953172,LRCX,2026-09-23,2026-09-23T09:35:15.552606-04:00,307.5784,0.3682
CDNS-20260923T13345632356,CDNS,2026-09-23,2026-09-23T09:35:15.552606-04:00,309.405,-0.0888
CSCO-20260923T13322315067,CSCO,2026-09-23,2026-09-23T09:35:19.752896-04:00,106.61,-0.0488
NXPI-20260923T13324564876,NXPI,2026-09-23,2026-09-23T09:35:19.752896-04:00,236.47,-0.0127
QCOM-20260923T13333290301,QCOM,2026-09-23,2026-09-23T09:35:19.752896-04:00,197.19,-0.0969
GFS-20260923T13334679272,GFS,2026-09-23,2026-09-23T09:35:19.752896-04:00,47.5,-0.0841
CTAS-20260923T13341012713,CTAS,2026-09-23,2026-09-23T09:35:19.752896-04:00,196.66,-0.7119
LRCX-20260923T13344953172,LRCX,2026-09-23,2026-09-23T09:35:19.752896-04:00,307.6528,0.3925
CDNS-20260923T13345632356,CDNS,2026-09-23,2026-09-23T09:35:19.752896-04:00,309.105,-0.1857
CSCO-20260923T13322315067,CSCO,2026-09-23,2026-09-23T09:35:24.017052-04:00,106.585,-0.0722
NXPI-20260923T13324564876,NXPI,2026-09-23,2026-09-23T09:35:24.017052-04:00,235.38,-0.4736
QCOM-20260923T13333290301,QCOM,2026-09-23,2026-09-23T09:35:24.017052-04:00,197.195,-0.0944
GFS-20260923T13334679272,GFS,2026-09-23,2026-09-23T09:35:24.017052-04:00,47.46,-0.1683
CTAS-20260923T13341012713,CTAS,2026-09-23,2026-09-23T09:35:24.017052-04:00,196.66,-0.7119
LRCX-20260923T13344953172,LRCX,2026-09-23,2026-09-23T09:35:24.017052-04:00,307.1102,0.2154
CDNS-20260923T13345632356,CDNS,2026-09-23,2026-09-23T09:35:24.017052-04:00,309.09,-0.1905
CSCO-20260923T13322315067,CSCO,2026-09-23,2026-09-23T09:35:28.324988-04:00,106.728,0.0619
NXPI-20260923T13324564876,NXPI,2026-09-23,2026-09-23T09:35:28.324988-04:00,235.38,-0.4736
QCOM-20260923T13333290301,QCOM,2026-09-23,2026-09-23T09:35:28.324988-04:00,197.054,-0.1658
GFS-20260923T13334679272,GFS,2026-09-23,2026-09-23T09:35:28.324988-04:00,47.4,-0.2945
CTAS-20260923T13341012713,CTAS,2026-09-23,2026-09-23T09:35:28.324988-04:00,196.66,-0.7119
LRCX-20260923T13344953172,LRCX,2026-09-23,2026-09-23T09:35:28.324988-04:00,307.01,0.1827
CDNS-20260923T13345632356,CDNS,2026-09-23,2026-09-23T09:35:28.324988-04:00,309.34,-0.1098
CSCO-20260923T13322315067,CSCO,2026-09-23,2026-09-23T09:35:34.169925-04:00,106.77,0.1013
NXPI-20260923T13324564876,NXPI,2026-09-23,2026-09-23T09:35:34.169925-04:00,235.935,-0.2389
QCOM-20260923T13333290301,QCOM,2026-09-23,2026-09-23T09:35:34.169925-04:00,197.145,-0.1197
CDNS-20260923T13345632356,CDNS,2026-09-23,2026-09-23T09:35:34.169925-04:00,308.3182,-0.4397
CSCO-20260923T13322315067,CSCO,2026-09-23,2026-09-23T09:35:38.212038-04:00,106.76,0.0919
NXPI-20260923T13324564876,NXPI,2026-09-23,2026-09-23T09:35:38.212038-04:00,235.935,-0.2389
QCOM-20260923T13333290301,QCOM,2026-09-23,2026-09-23T09:35:38.212038-04:00,197.505,0.0627
CDNS-20260923T13345632356,CDNS,2026-09-23,2026-09-23T09:35:38.212038-04:00,309.04,-0.2067
HUT-20260923T13352101634,HUT,2026-09-23,2026-09-23T09:35:38.212038-04:00,105.66,-0.5459
CSCO-20260923T13322315067,CSCO,2026-09-23,2026-09-23T09:35:42.484117-04:00,106.7647,0.0963
NXPI-20260923T13324564876,NXPI,2026-09-23,2026-09-23T09:35:42.484117-04:00,235.945,-0.2347
QCOM-20260923T13333290301,QCOM,2026-09-23,2026-09-23T09:35:42.484117-04:00,197.38,-0.0006
CDNS-20260923T13345632356,CDNS,2026-09-23,2026-09-23T09:35:42.484117-04:00,309.3799,-0.0969
CSCO-20260923T13322315067,CSCO,2026-09-23,2026-09-23T09:35:46.683329-04:00,106.78,0.1106
NXPI-20260923T13324564876,NXPI,2026-09-23,2026-09-23T09:35:46.683329-04:00,235.945,-0.2347
QCOM-20260923T13333290301,QCOM,2026-09-23,2026-09-23T09:35:46.683329-04:00,197.22,-0.0817
CDNS-20260923T13345632356,CDNS,2026-09-23,2026-09-23T09:35:46.683329-04:00,309.36,-0.1033
CSCO-20260923T13322315067,CSCO,2026-09-23,2026-09-23T09:35:50.935061-04:00,106.79,0.12
NXPI-20260923T13324564876,NXPI,2026-09-23,2026-09-23T09:35:50.935061-04:00,235.95,-0.2326
QCOM-20260923T13333290301,QCOM,2026-09-23,2026-09-23T09:35:50.935061-04:00,197.25,-0.0665
CDNS-20260923T13345632356,CDNS,2026-09-23,2026-09-23T09:35:50.935061-04:00,309.36,-0.1033
CSCO-20260923T13322315067,CSCO,2026-09-23,2026-09-23T09:35:55.191576-04:00,106.79,0.12
NXPI-20260923T13324564876,NXPI,2026-09-23,2026-09-23T09:35:55.191576-04:00,235.95,-0.2326
QCOM-20260923T13333290301,QCOM,2026-09-23,2026-09-23T09:35:55.191576-04:00,197.27,-0.0564
CDNS-20260923T13345632356,CDNS,2026-09-23,2026-09-23T09:35:55.191576-04:00,308.84,-0.2712
CSCO-20260923T13322315067,CSCO,2026-09-23,2026-09-23T09:35:59.530011-04:00,106.805,0.1341
NXPI-20260923T13324564876,NXPI,2026-09-23,2026-09-23T09:35:59.530011-04:00,235.965,-0.2262
QCOM-20260923T13333290301,QCOM,2026-09-23,2026-09-23T09:35:59.530011-04:00,197.144,-0.1202
CDNS-20260923T13345632356,CDNS,2026-09-23,2026-09-23T09:35:59.530011-04:00,308.69,-0.3197
CSCO-20260923T13322315067,CSCO,2026-09-23,2026-09-23T09:36:03.818472-04:00,106.7976,0.1271
NXPI-20260923T13324564876,NXPI,2026-09-23,2026-09-23T09:36:03.818472-04:00,236.139,-0.1526
QCOM-20260923T13333290301,QCOM,2026-09-23,2026-09-23T09:36:03.818472-04:00,197.075,-0.1552
CDNS-20260923T13345632356,CDNS,2026-09-23,2026-09-23T09:36:03.818472-04:00,308.99,-0.2228
CSCO-20260923T13322315067,CSCO,2026-09-23,2026-09-23T09:36:08.094940-04:00,106.79,0.12
NXPI-20260923T13324564876,NXPI,2026-09-23,2026-09-23T09:36:08.094940-04:00,235.95,-0.2326
QCOM-20260923T13333290301,QCOM,2026-09-23,2026-09-23T09:36:08.094940-04:00,196.5,-0.4465
CDNS-20260923T13345632356,CDNS,2026-09-23,2026-09-23T09:36:08.094940-04:00,309.42,-0.084
CSCO-20260923T13322315067,CSCO,2026-09-23,2026-09-23T09:36:12.393608-04:00,106.855,0.1809
NXPI-20260923T13324564876,NXPI,2026-09-23,2026-09-23T09:36:12.393608-04:00,235.95,-0.2326
QCOM-20260923T13333290301,QCOM,2026-09-23,2026-09-23T09:36:12.393608-04:00,196.665,-0.3629
CDNS-20260923T13345632356,CDNS,2026-09-23,2026-09-23T09:36:12.393608-04:00,309.75,0.0226
CSCO-20260923T13322315067,CSCO,2026-09-23,2026-09-23T09:36:16.640118-04:00,106.855,0.1809
NXPI-20260923T13324564876,NXPI,2026-09-23,2026-09-23T09:36:16.640118-04:00,235.95,-0.2326
QCOM-20260923T13333290301,QCOM,2026-09-23,2026-09-23T09:36:16.640118-04:00,196.62,-0.3857
CDNS-20260923T13345632356,CDNS,2026-09-23,2026-09-23T09:36:16.640118-04:00,309.3815,-0.0964
CSCO-20260923T13322315067,CSCO,2026-09-23,2026-09-23T09:36:20.837574-04:00,106.8403,0.1672
NXPI-20260923T13324564876,NXPI,2026-09-23,2026-09-23T09:36:20.837574-04:00,235.95,-0.2326
QCOM-20260923T13333290301,QCOM,2026-09-23,2026-09-23T09:36:20.837574-04:00,196.75,-0.3198
CDNS-20260923T13345632356,CDNS,2026-09-23,2026-09-23T09:36:20.837574-04:00,309.42,-0.084
CSCO-20260923T13322315067,CSCO,2026-09-23,2026-09-23T09:36:24.883790-04:00,106.84,0.1669
NXPI-20260923T13324564876,NXPI,2026-09-23,2026-09-23T09:36:24.883790-04:00,236.07,-0.1818
QCOM-20260923T13333290301,QCOM,2026-09-23,2026-09-23T09:36:24.883790-04:00,196.9057,-0.2409
CDNS-20260923T13345632356,CDNS,2026-09-23,2026-09-23T09:36:24.883790-04:00,309.42,-0.084
CSCO-20260923T13322315067,CSCO,2026-09-23,2026-09-23T09:36:29.055361-04:00,106.82,0.1481
NXPI-20260923T13324564876,NXPI,2026-09-23,2026-09-23T09:36:29.055361-04:00,236.07,-0.1818
QCOM-20260923T13333290301,QCOM,2026-09-23,2026-09-23T09:36:29.055361-04:00,197.1384,-0.123
CDNS-20260923T13345632356,CDNS,2026-09-23,2026-09-23T09:36:29.055361-04:00,309.1,-0.1873
CSCO-20260923T13322315067,CSCO,2026-09-23,2026-09-23T09:36:33.347436-04:00,106.82,0.1481
NXPI-20260923T13324564876,NXPI,2026-09-23,2026-09-23T09:36:33.347436-04:00,236.02,-0.203
QCOM-20260923T13333290301,QCOM,2026-09-23,2026-09-23T09:36:33.347436-04:00,197.005,-0.1906
CDNS-20260923T13345632356,CDNS,2026-09-23,2026-09-23T09:36:33.347436-04:00,309.58,-0.0323
CSCO-20260923T13322315067,CSCO,2026-09-23,2026-09-23T09:36:37.549524-04:00,106.755,0.0872
NXPI-20260923T13324564876,NXPI,2026-09-23,2026-09-23T09:36:37.549524-04:00,236.14,-0.1522
QCOM-20260923T13333290301,QCOM,2026-09-23,2026-09-23T09:36:37.549524-04:00,197.18,-0.102
CDNS-20260923T13345632356,CDNS,2026-09-23,2026-09-23T09:36:37.549524-04:00,310.495,0.2632
CSCO-20260923T13322315067,CSCO,2026-09-23,2026-09-23T09:36:41.614459-04:00,106.73,0.0638
NXPI-20260923T13324564876,NXPI,2026-09-23,2026-09-23T09:36:41.614459-04:00,236.97,0.1987
QCOM-20260923T13333290301,QCOM,2026-09-23,2026-09-23T09:36:41.614459-04:00,197.04,-0.1729
CDNS-20260923T13345632356,CDNS,2026-09-23,2026-09-23T09:36:41.614459-04:00,310.06,0.1227
CSCO-20260923T13322315067,CSCO,2026-09-23,2026-09-23T09:36:45.772336-04:00,106.707,0.0422
NXPI-20260923T13324564876,NXPI,2026-09-23,2026-09-23T09:36:45.772336-04:00,236.988,0.2063
QCOM-20260923T13333290301,QCOM,2026-09-23,2026-09-23T09:36:45.772336-04:00,197.39,0.0044
CDNS-20260923T13345632356,CDNS,2026-09-23,2026-09-23T09:36:45.772336-04:00,310.995,0.4246
CSCO-20260923T13322315067,CSCO,2026-09-23,2026-09-23T09:36:49.771465-04:00,106.74,0.0731
NXPI-20260923T13324564876,NXPI,2026-09-23,2026-09-23T09:36:49.771465-04:00,237.17,0.2833
QCOM-20260923T13333290301,QCOM,2026-09-23,2026-09-23T09:36:49.771465-04:00,197.2427,-0.0702
CDNS-20260923T13345632356,CDNS,2026-09-23,2026-09-23T09:36:49.771465-04:00,310.59,0.2939
CSCO-20260923T13322315067,CSCO,2026-09-23,2026-09-23T09:36:53.828612-04:00,106.77,0.1013
NXPI-20260923T13324564876,NXPI,2026-09-23,2026-09-23T09:36:53.828612-04:00,236.505,0.0021
QCOM-20260923T13333290301,QCOM,2026-09-23,2026-09-23T09:36:53.828612-04:00,196.56,-0.4161
CDNS-20260923T13345632356,CDNS,2026-09-23,2026-09-23T09:36:53.828612-04:00,310.99,0.423
CSCO-20260923T13322315067,CSCO,2026-09-23,2026-09-23T09:36:57.884546-04:00,106.77,0.1013
NXPI-20260923T13324564876,NXPI,2026-09-23,2026-09-23T09:36:57.884546-04:00,236.025,-0.2008
QCOM-20260923T13333290301,QCOM,2026-09-23,2026-09-23T09:36:57.884546-04:00,196.58,-0.4059
CDNS-20260923T13345632356,CDNS,2026-09-23,2026-09-23T09:36:57.884546-04:00,310.995,0.4246
CSCO-20260923T13322315067,CSCO,2026-09-23,2026-09-23T09:37:01.955890-04:00,106.7201,0.0545
NXPI-20260923T13324564876,NXPI,2026-09-23,2026-09-23T09:37:01.955890-04:00,236.025,-0.2008
QCOM-20260923T13333290301,QCOM,2026-09-23,2026-09-23T09:37:01.955890-04:00,196.53,-0.4313
CDNS-20260923T13345632356,CDNS,2026-09-23,2026-09-23T09:37:01.955890-04:00,311.1654,0.4797
CSCO-20260923T13322315067,CSCO,2026-09-23,2026-09-23T09:37:06.190945-04:00,106.665,0.0028
NXPI-20260923T13324564876,NXPI,2026-09-23,2026-09-23T09:37:06.190945-04:00,236.0559,-0.1878
CDNS-20260923T13345632356,CDNS,2026-09-23,2026-09-23T09:37:06.190945-04:00,311.01,0.4295
CSCO-20260923T13322315067,CSCO,2026-09-23,2026-09-23T09:37:10.392491-04:00,106.685,0.0216
NXPI-20260923T13324564876,NXPI,2026-09-23,2026-09-23T09:37:10.392491-04:00,235.5595,-0.3977
CDNS-20260923T13345632356,CDNS,2026-09-23,2026-09-23T09:37:10.392491-04:00,309.2045,-0.1535
CSCO-20260923T13322315067,CSCO,2026-09-23,2026-09-23T09:37:14.473780-04:00,106.69,0.0263
NXPI-20260923T13324564876,NXPI,2026-09-23,2026-09-23T09:37:14.473780-04:00,236.0571,-0.1873
CDNS-20260923T13345632356,CDNS,2026-09-23,2026-09-23T09:37:14.473780-04:00,311.575,0.6119
CSCO-20260923T13322315067,CSCO,2026-09-23,2026-09-23T09:37:18.514982-04:00,106.63,-0.03
NXPI-20260923T13324564876,NXPI,2026-09-23,2026-09-23T09:37:18.514982-04:00,236.05,-0.1903
CDNS-20260923T13345632356,CDNS,2026-09-23,2026-09-23T09:37:18.514982-04:00,311.45,0.5716
CSCO-20260923T13322315067,CSCO,2026-09-23,2026-09-23T09:37:22.394532-04:00,106.64,-0.0206
NXPI-20260923T13324564876,NXPI,2026-09-23,2026-09-23T09:37:22.394532-04:00,236.05,-0.1903
CDNS-20260923T13345632356,CDNS,2026-09-23,2026-09-23T09:37:22.394532-04:00,311.6587,0.6389
CSCO-20260923T13322315067,CSCO,2026-09-23,2026-09-23T09:37:26.261426-04:00,106.6788,0.0158
NXPI-20260923T13324564876,NXPI,2026-09-23,2026-09-23T09:37:26.261426-04:00,236.05,-0.1903
CDNS-20260923T13345632356,CDNS,2026-09-23,2026-09-23T09:37:26.261426-04:00,311.4,0.5554
CSCO-20260923T13322315067,CSCO,2026-09-23,2026-09-23T09:37:30.218742-04:00,106.65,-0.0113
NXPI-20260923T13324564876,NXPI,2026-09-23,2026-09-23T09:37:30.218742-04:00,235.85,-0.2748
CDNS-20260923T13345632356,CDNS,2026-09-23,2026-09-23T09:37:30.218742-04:00,311.61,0.6232
CSCO-20260923T13322315067,CSCO,2026-09-23,2026-09-23T09:37:34.055671-04:00,106.615,-0.0441
NXPI-20260923T13324564876,NXPI,2026-09-23,2026-09-23T09:37:34.055671-04:00,235.87,-0.2664
CDNS-20260923T13345632356,CDNS,2026-09-23,2026-09-23T09:37:34.055671-04:00,311.325,0.5312
CSCO-20260923T13322315067,CSCO,2026-09-23,2026-09-23T09:37:37.756859-04:00,106.6,-0.0581
NXPI-20260923T13324564876,NXPI,2026-09-23,2026-09-23T09:37:37.756859-04:00,235.87,-0.2664
CDNS-20260923T13345632356,CDNS,2026-09-23,2026-09-23T09:37:37.756859-04:00,311.99,0.7459
CSCO-20260923T13322315067,CSCO,2026-09-23,2026-09-23T09:37:41.534737-04:00,106.6,-0.0581
NXPI-20260923T13324564876,NXPI,2026-09-23,2026-09-23T09:37:41.534737-04:00,235.65,-0.3594
CDNS-20260923T13345632356,CDNS,2026-09-23,2026-09-23T09:37:41.534737-04:00,312.07,0.7718
CSCO-20260923T13322315067,CSCO,2026-09-23,2026-09-23T09:37:45.173900-04:00,106.6,-0.0581
NXPI-20260923T13324564876,NXPI,2026-09-23,2026-09-23T09:37:45.173900-04:00,235.65,-0.3594
CDNS-20260923T13345632356,CDNS,2026-09-23,2026-09-23T09:37:45.173900-04:00,312.7,0.9752
CSCO-20260923T13322315067,CSCO,2026-09-23,2026-09-23T09:37:48.810909-04:00,106.56,-0.0956
NXPI-20260923T13324564876,NXPI,2026-09-23,2026-09-23T09:37:48.810909-04:00,235.65,-0.3594
CDNS-20260923T13345632356,CDNS,2026-09-23,2026-09-23T09:37:48.810909-04:00,312.0,0.7492
CSCO-20260923T13322315067,CSCO,2026-09-23,2026-09-23T09:37:52.436632-04:00,106.57,-0.0863
NXPI-20260923T13324564876,NXPI,2026-09-23,2026-09-23T09:37:52.436632-04:00,236.0077,-0.2082
CDNS-20260923T13345632356,CDNS,2026-09-23,2026-09-23T09:37:52.436632-04:00,312.33,0.8557
CSCO-20260923T13322315067,CSCO,2026-09-23,2026-09-23T09:37:56.117746-04:00,106.55,-0.105
NXPI-20260923T13324564876,NXPI,2026-09-23,2026-09-23T09:37:56.117746-04:00,235.65,-0.3594
CDNS-20260923T13345632356,CDNS,2026-09-23,2026-09-23T09:37:56.117746-04:00,312.39,0.8751
CSCO-20260923T13322315067,CSCO,2026-09-23,2026-09-23T09:37:59.790866-04:00,106.53,-0.1238
NXPI-20260923T13324564876,NXPI,2026-09-23,2026-09-23T09:37:59.790866-04:00,235.93,-0.241
CDNS-20260923T13345632356,CDNS,2026-09-23,2026-09-23T09:37:59.790866-04:00,311.624,0.6277
CSCO-20260923T13322315067,CSCO,2026-09-23,2026-09-23T09:38:03.562120-04:00,106.5472,-0.1076
NXPI-20260923T13324564876,NXPI,2026-09-23,2026-09-23T09:38:03.562120-04:00,235.93,-0.241
CDNS-20260923T13345632356,CDNS,2026-09-23,2026-09-23T09:38:03.562120-04:00,312.22,0.8202
NXPI-20260923T13324564876,NXPI,2026-09-23,2026-09-23T09:38:07.582127-04:00,236.0125,-0.2061
CDNS-20260923T13345632356,CDNS,2026-09-23,2026-09-23T09:38:07.582127-04:00,312.43,0.888
NXPI-20260923T13324564876,NXPI,2026-09-23,2026-09-23T09:38:11.264261-04:00,235.71,-0.334
CDNS-20260923T13345632356,CDNS,2026-09-23,2026-09-23T09:38:11.264261-04:00,312.3955,0.8769
NXPI-20260923T13324564876,NXPI,2026-09-23,2026-09-23T09:38:14.943679-04:00,235.71,-0.334
CDNS-20260923T13345632356,CDNS,2026-09-23,2026-09-23T09:38:14.943679-04:00,312.165,0.8024
NXPI-20260923T13324564876,NXPI,2026-09-23,2026-09-23T09:38:18.710355-04:00,235.71,-0.334
CDNS-20260923T13345632356,CDNS,2026-09-23,2026-09-23T09:38:18.710355-04:00,312.21,0.817
NXPI-20260923T13324564876,NXPI,2026-09-23,2026-09-23T09:38:22.330805-04:00,235.57,-0.3932
CDNS-20260923T13345632356,CDNS,2026-09-23,2026-09-23T09:38:22.330805-04:00,312.4622,0.8984
NXPI-20260923T13324564876,NXPI,2026-09-23,2026-09-23T09:38:25.991027-04:00,235.57,-0.3932
CDNS-20260923T13345632356,CDNS,2026-09-23,2026-09-23T09:38:25.991027-04:00,312.52,0.9171
NXPI-20260923T13324564876,NXPI,2026-09-23,2026-09-23T09:38:29.635911-04:00,235.9331,-0.2397
CDNS-20260923T13345632356,CDNS,2026-09-23,2026-09-23T09:38:29.635911-04:00,312.83,1.0172
NXPI-20260923T13324564876,NXPI,2026-09-23,2026-09-23T09:38:33.299341-04:00,235.43,-0.4524
CDNS-20260923T13345632356,CDNS,2026-09-23,2026-09-23T09:38:33.299341-04:00,312.525,0.9187
NXPI-20260923T13324564876,NXPI,2026-09-23,2026-09-23T09:38:36.849554-04:00,235.05,-0.6131
CDNS-20260923T13345632356,CDNS,2026-09-23,2026-09-23T09:38:36.849554-04:00,312.53,0.9203
NXPI-20260923T13324564876,NXPI,2026-09-23,2026-09-23T09:38:40.409268-04:00,235.5,-0.4228
CDNS-20260923T13345632356,CDNS,2026-09-23,2026-09-23T09:38:40.409268-04:00,312.54,0.9235
NXPI-20260923T13324564876,NXPI,2026-09-23,2026-09-23T09:38:43.974736-04:00,235.5125,-0.4175
CDNS-20260923T13345632356,CDNS,2026-09-23,2026-09-23T09:38:43.974736-04:00,312.81,1.0107
NXPI-20260923T13324564876,NXPI,2026-09-23,2026-09-23T09:38:47.503184-04:00,235.495,-0.4249
CDNS-20260923T13345632356,CDNS,2026-09-23,2026-09-23T09:38:47.503184-04:00,312.71,0.9784
NXPI-20260923T13324564876,NXPI,2026-09-23,2026-09-23T09:38:50.977778-04:00,235.8149,-0.2897
CDNS-20260923T13345632356,CDNS,2026-09-23,2026-09-23T09:38:50.977778-04:00,312.84,1.0204
NXPI-20260923T13324564876,NXPI,2026-09-23,2026-09-23T09:38:54.494107-04:00,235.94,-0.2368
CDNS-20260923T13345632356,CDNS,2026-09-23,2026-09-23T09:38:54.494107-04:00,312.725,0.9833
NXPI-20260923T13324564876,NXPI,2026-09-23,2026-09-23T09:38:57.947013-04:00,235.94,-0.2368
CDNS-20260923T13345632356,CDNS,2026-09-23,2026-09-23T09:38:57.947013-04:00,312.695,0.9736
NXPI-20260923T13324564876,NXPI,2026-09-23,2026-09-23T09:39:01.339746-04:00,235.05,-0.6131
CDNS-20260923T13345632356,CDNS,2026-09-23,2026-09-23T09:39:01.339746-04:00,312.92,1.0462
CDNS-20260923T13345632356,CDNS,2026-09-23,2026-09-23T09:39:04.990985-04:00,313.04,1.085
CDNS-20260923T13345632356,CDNS,2026-09-23,2026-09-23T09:39:08.572841-04:00,312.95,1.0559
CDNS-20260923T13345632356,CDNS,2026-09-23,2026-09-23T09:39:12.057611-04:00,313.135,1.1157
CDNS-20260923T13345632356,CDNS,2026-09-23,2026-09-23T09:39:15.516416-04:00,313.135,1.1157
CDNS-20260923T13345632356,CDNS,2026-09-23,2026-09-23T09:39:18.936313-04:00,313.14,1.1173
CDNS-20260923T13345632356,CDNS,2026-09-23,2026-09-23T09:39:22.349418-04:00,313.13,1.1141
CDNS-20260923T13345632356,CDNS,2026-09-23,2026-09-23T09:39:25.780419-04:00,313.135,1.1157
CDNS-20260923T13345632356,CDNS,2026-09-23,2026-09-23T09:39:29.186517-04:00,312.755,0.993
CDNS-20260923T13345632356,CDNS,2026-09-23,2026-09-23T09:39:32.520468-04:00,312.76,0.9946
CDNS-20260923T13345632356,CDNS,2026-09-23,2026-09-23T09:39:35.915983-04:00,312.8,1.0075
CDNS-20260923T13345632356,CDNS,2026-09-23,2026-09-23T09:39:39.406472-04:00,313.25,1.1528
CDNS-20260923T13345632356,CDNS,2026-09-23,2026-09-23T09:39:42.685694-04:00,313.35,1.1851
CDNS-20260923T13345632356,CDNS,2026-09-23,2026-09-23T09:39:45.993567-04:00,313.35,1.1851
CDNS-20260923T13345632356,CDNS,2026-09-23,2026-09-23T09:39:49.299048-04:00,313.13,1.1141
CDNS-20260923T13345632356,CDNS,2026-09-23,2026-09-23T09:39:52.586041-04:00,313.145,1.1189
CDNS-20260923T13345632356,CDNS,2026-09-23,2026-09-23T09:39:55.879219-04:00,313.3092,1.1719
CDNS-20260923T13345632356,CDNS,2026-09-23,2026-09-23T09:39:59.170639-04:00,313.46,1.2206
CDNS-20260923T13345632356,CDNS,2026-09-23,2026-09-23T09:40:02.456336-04:00,312.91,1.043
CDNS-20260923T13345632356,CDNS,2026-09-23,2026-09-23T09:40:06.226560-04:00,312.57,0.9332
CDNS-20260923T13345632356,CDNS,2026-09-23,2026-09-23T09:40:09.772874-04:00,312.58,0.9365
CDNS-20260923T13345632356,CDNS,2026-09-23,2026-09-23T09:40:13.332659-04:00,312.58,0.9365
CDNS-20260923T13345632356,CDNS,2026-09-23,2026-09-23T09:40:16.916310-04:00,312.64,0.9558
CDNS-20260923T13345632356,CDNS,2026-09-23,2026-09-23T09:40:20.391532-04:00,312.7595,0.9944
CDNS-20260923T13345632356,CDNS,2026-09-23,2026-09-23T09:40:23.849661-04:00,313.0033,1.0731
CDNS-20260923T13345632356,CDNS,2026-09-23,2026-09-23T09:40:27.400995-04:00,312.905,1.0414
CDNS-20260923T13345632356,CDNS,2026-09-23,2026-09-23T09:40:31.023783-04:00,313.0625,1.0923
CDNS-20260923T13345632356,CDNS,2026-09-23,2026-09-23T09:40:34.889493-04:00,312.9467,1.0549
CDNS-20260923T13345632356,CDNS,2026-09-23,2026-09-23T09:40:38.347753-04:00,312.7477,0.9906
CDNS-20260923T13345632356,CDNS,2026-09-23,2026-09-23T09:40:41.772462-04:00,312.94,1.0527
CDNS-20260923T13345632356,CDNS,2026-09-23,2026-09-23T09:40:45.259450-04:00,312.48,0.9042
CDNS-20260923T13345632356,CDNS,2026-09-23,2026-09-23T09:40:48.675967-04:00,312.24,0.8267
CDNS-20260923T13345632356,CDNS,2026-09-23,2026-09-23T09:40:52.106624-04:00,312.4375,0.8904
CDNS-20260923T13345632356,CDNS,2026-09-23,2026-09-23T09:40:55.505791-04:00,312.42,0.8848
CDNS-20260923T13345632356,CDNS,2026-09-23,2026-09-23T09:40:59.038167-04:00,312.5649,0.9316
CDNS-20260923T13345632356,CDNS,2026-09-23,2026-09-23T09:41:02.442026-04:00,311.94,0.7298
